timeStamp,elapsed,label,responseCode,responseMessage,threadName,dataType,success,failureMessage,bytes,sentBytes,grpThreads,allThreads,URL,Latency,IdleTime,Connect
1701701270374,1325,https://www.blazedemo.com/reserve.php,200,OK,Ensaio - Ultimate Thread Group 1-5,text,true,,7393,255,1,1,https://www.blazedemo.com/reserve.php,1317,0,1025
1701701271707,279,https://www.blazedemo.com/purchase.php,200,OK,Ensaio - Ultimate Thread Group 1-5,text,true,,6719,299,1,1,https://www.blazedemo.com/purchase.php,266,0,0
1701701271989,385,https://www.blazedemo.com/confirmation.php,200,OK,Ensaio - Ultimate Thread Group 1-5,text,true,,5780,428,2,2,https://www.blazedemo.com/confirmation.php,368,0,0
1701701270209,1989,Test,200,"Number of samples in transaction : 3, number of failing samples : 0",Ensaio - Ultimate Thread Group 1-5,,true,,19892,982,2,2,null,1951,177,1025
1701701272162,548,https://www.blazedemo.com/reserve.php,200,OK,Ensaio - Ultimate Thread Group 1-4,text,true,,7389,255,2,2,https://www.blazedemo.com/reserve.php,528,0,269
1701701272401,474,https://www.blazedemo.com/reserve.php,200,OK,Ensaio - Ultimate Thread Group 1-5,text,true,,7389,255,2,2,https://www.blazedemo.com/reserve.php,458,0,203
1701701272712,342,https://www.blazedemo.com/purchase.php,200,OK,Ensaio - Ultimate Thread Group 1-4,text,true,,6719,299,2,2,https://www.blazedemo.com/purchase.php,329,0,0
1701701272878,362,https://www.blazedemo.com/purchase.php,200,OK,Ensaio - Ultimate Thread Group 1-5,text,true,,6719,299,2,2,https://www.blazedemo.com/purchase.php,350,0,0
1701701273057,255,https://www.blazedemo.com/confirmation.php,200,OK,Ensaio - Ultimate Thread Group 1-4,text,true,,5780,440,2,2,https://www.blazedemo.com/confirmation.php,244,0,0
1701701272161,1145,Test,200,"Number of samples in transaction : 3, number of failing samples : 0",Ensaio - Ultimate Thread Group 1-4,,true,,19888,994,2,2,null,1101,7,269
1701701273241,273,https://www.blazedemo.com/confirmation.php,200,OK,Ensaio - Ultimate Thread Group 1-5,text,true,,5780,446,2,2,https://www.blazedemo.com/confirmation.php,263,0,0
1701701272384,1109,Test,200,"Number of samples in transaction : 3, number of failing samples : 0",Ensaio - Ultimate Thread Group 1-5,,true,,19888,1000,2,2,null,1071,22,203
1701701273317,500,https://www.blazedemo.com/reserve.php,200,OK,Ensaio - Ultimate Thread Group 1-4,text,true,,7389,255,2,2,https://www.blazedemo.com/reserve.php,479,0,214
1701701273527,594,https://www.blazedemo.com/reserve.php,200,OK,Ensaio - Ultimate Thread Group 1-5,text,true,,7389,255,2,2,https://www.blazedemo.com/reserve.php,588,0,183
1701701273821,404,https://www.blazedemo.com/purchase.php,200,OK,Ensaio - Ultimate Thread Group 1-4,text,true,,6719,299,3,3,https://www.blazedemo.com/purchase.php,392,0,0
1701701274123,266,https://www.blazedemo.com/purchase.php,200,OK,Ensaio - Ultimate Thread Group 1-5,text,true,,6719,299,3,3,https://www.blazedemo.com/purchase.php,254,0,0
1701701274225,405,https://www.blazedemo.com/confirmation.php,200,OK,Ensaio - Ultimate Thread Group 1-4,text,true,,5780,428,3,3,https://www.blazedemo.com/confirmation.php,402,0,0
1701701273316,1309,Test,200,"Number of samples in transaction : 3, number of failing samples : 0",Ensaio - Ultimate Thread Group 1-4,,true,,19888,982,3,3,null,1273,6,214
1701701274390,271,https://www.blazedemo.com/confirmation.php,200,OK,Ensaio - Ultimate Thread Group 1-5,text,true,,5780,440,3,3,https://www.blazedemo.com/confirmation.php,255,0,0
1701701273523,1131,Test,200,"Number of samples in transaction : 3, number of failing samples : 0",Ensaio - Ultimate Thread Group 1-5,,true,,19888,994,3,3,null,1097,9,183
1701701274175,526,https://www.blazedemo.com/reserve.php,200,OK,Ensaio - Ultimate Thread Group 1-3,text,true,,7389,255,3,3,https://www.blazedemo.com/reserve.php,509,0,188
1701701274639,529,https://www.blazedemo.com/reserve.php,200,OK,Ensaio - Ultimate Thread Group 1-4,text,true,,7389,255,3,3,https://www.blazedemo.com/reserve.php,528,0,197
1701701274702,466,https://www.blazedemo.com/purchase.php,200,OK,Ensaio - Ultimate Thread Group 1-3,text,true,,6719,299,3,3,https://www.blazedemo.com/purchase.php,465,0,0
1701701274687,485,https://www.blazedemo.com/reserve.php,200,OK,Ensaio - Ultimate Thread Group 1-5,text,true,,7389,255,3,3,https://www.blazedemo.com/reserve.php,484,0,187
1701701275173,270,https://www.blazedemo.com/purchase.php,200,OK,Ensaio - Ultimate Thread Group 1-5,text,true,,6719,299,3,3,https://www.blazedemo.com/purchase.php,253,0,0
1701701275169,317,https://www.blazedemo.com/purchase.php,200,OK,Ensaio - Ultimate Thread Group 1-4,text,true,,6719,299,3,3,https://www.blazedemo.com/purchase.php,305,0,0
1701701275169,355,https://www.blazedemo.com/confirmation.php,200,OK,Ensaio - Ultimate Thread Group 1-3,text,true,,5780,446,3,3,https://www.blazedemo.com/confirmation.php,344,0,0
1701701274173,1347,Test,200,"Number of samples in transaction : 3, number of failing samples : 0",Ensaio - Ultimate Thread Group 1-3,,true,,19888,1000,3,3,null,1318,5,188
1701701275443,273,https://www.blazedemo.com/confirmation.php,200,OK,Ensaio - Ultimate Thread Group 1-5,text,true,,5780,440,3,3,https://www.blazedemo.com/confirmation.php,262,0,0
1701701274685,1029,Test,200,"Number of samples in transaction : 3, number of failing samples : 0",Ensaio - Ultimate Thread Group 1-5,,true,,19888,994,3,3,null,999,4,187
1701701275487,384,https://www.blazedemo.com/confirmation.php,200,OK,Ensaio - Ultimate Thread Group 1-4,text,true,,5780,428,3,3,https://www.blazedemo.com/confirmation.php,372,0,0
1701701274634,1230,Test,200,"Number of samples in transaction : 3, number of failing samples : 0",Ensaio - Ultimate Thread Group 1-4,,true,,19888,982,3,3,null,1205,8,197
1701701275526,525,https://www.blazedemo.com/reserve.php,200,OK,Ensaio - Ultimate Thread Group 1-3,text,true,,7389,255,3,3,https://www.blazedemo.com/reserve.php,506,0,225
1701701275730,509,https://www.blazedemo.com/reserve.php,200,OK,Ensaio - Ultimate Thread Group 1-5,text,true,,7389,255,4,4,https://www.blazedemo.com/reserve.php,490,0,224
1701701276052,312,https://www.blazedemo.com/purchase.php,200,OK,Ensaio - Ultimate Thread Group 1-3,text,true,,6719,299,4,4,https://www.blazedemo.com/purchase.php,296,0,0
1701701275875,500,https://www.blazedemo.com/reserve.php,200,OK,Ensaio - Ultimate Thread Group 1-4,text,true,,7389,255,4,4,https://www.blazedemo.com/reserve.php,481,0,189
1701701276241,269,https://www.blazedemo.com/purchase.php,200,OK,Ensaio - Ultimate Thread Group 1-5,text,true,,6719,299,4,4,https://www.blazedemo.com/purchase.php,256,0,0
1701701276364,308,https://www.blazedemo.com/confirmation.php,200,OK,Ensaio - Ultimate Thread Group 1-3,text,true,,5780,446,4,4,https://www.blazedemo.com/confirmation.php,296,0,0
1701701275525,1145,Test,200,"Number of samples in transaction : 3, number of failing samples : 0",Ensaio - Ultimate Thread Group 1-3,,true,,19888,1000,4,4,null,1098,4,225
1701701276168,523,https://www.blazedemo.com/reserve.php,200,OK,Ensaio - Ultimate Thread Group 1-2,text,true,,7389,255,4,4,https://www.blazedemo.com/reserve.php,505,0,174
1701701276375,364,https://www.blazedemo.com/purchase.php,200,OK,Ensaio - Ultimate Thread Group 1-4,text,true,,6719,299,4,4,https://www.blazedemo.com/purchase.php,351,0,0
1701701276512,277,https://www.blazedemo.com/confirmation.php,200,OK,Ensaio - Ultimate Thread Group 1-5,text,true,,5780,428,4,4,https://www.blazedemo.com/confirmation.php,266,0,0
1701701275725,1055,Test,200,"Number of samples in transaction : 3, number of failing samples : 0",Ensaio - Ultimate Thread Group 1-5,,true,,19888,982,4,4,null,1012,9,224
1701701276695,258,https://www.blazedemo.com/purchase.php,200,OK,Ensaio - Ultimate Thread Group 1-2,text,true,,6719,299,4,4,https://www.blazedemo.com/purchase.php,246,0,0
1701701276741,453,https://www.blazedemo.com/confirmation.php,200,OK,Ensaio - Ultimate Thread Group 1-4,text,true,,5780,440,4,4,https://www.blazedemo.com/confirmation.php,451,0,0
1701701275873,1317,Test,200,"Number of samples in transaction : 3, number of failing samples : 0",Ensaio - Ultimate Thread Group 1-4,,true,,19888,994,4,4,null,1283,6,189
1701701276953,383,https://www.blazedemo.com/confirmation.php,200,OK,Ensaio - Ultimate Thread Group 1-2,text,true,,5780,446,4,4,https://www.blazedemo.com/confirmation.php,372,0,0
1701701276164,1164,Test,200,"Number of samples in transaction : 3, number of failing samples : 0",Ensaio - Ultimate Thread Group 1-2,,true,,19888,1000,4,4,null,1123,11,174
1701701276791,545,https://www.blazedemo.com/reserve.php,200,OK,Ensaio - Ultimate Thread Group 1-5,text,true,,7389,255,4,4,https://www.blazedemo.com/reserve.php,527,0,175
1701701276682,813,https://www.blazedemo.com/reserve.php,200,OK,Ensaio - Ultimate Thread Group 1-3,text,true,,7389,255,4,4,https://www.blazedemo.com/reserve.php,793,0,537
1701701277342,359,https://www.blazedemo.com/purchase.php,200,OK,Ensaio - Ultimate Thread Group 1-5,text,true,,6719,299,4,4,https://www.blazedemo.com/purchase.php,356,0,0
1701701277496,286,https://www.blazedemo.com/purchase.php,200,OK,Ensaio - Ultimate Thread Group 1-3,text,true,,6719,299,4,4,https://www.blazedemo.com/purchase.php,275,0,0
1701701277207,741,https://www.blazedemo.com/reserve.php,200,OK,Ensaio - Ultimate Thread Group 1-4,text,true,,7389,255,4,4,https://www.blazedemo.com/reserve.php,723,0,217
1701701277348,626,https://www.blazedemo.com/reserve.php,200,OK,Ensaio - Ultimate Thread Group 1-2,text,true,,7389,255,4,4,https://www.blazedemo.com/reserve.php,610,0,194
1701701277703,337,https://www.blazedemo.com/confirmation.php,200,OK,Ensaio - Ultimate Thread Group 1-5,text,true,,5780,440,4,4,https://www.blazedemo.com/confirmation.php,335,0,0
1701701276790,1241,Test,200,"Number of samples in transaction : 3, number of failing samples : 0",Ensaio - Ultimate Thread Group 1-5,,true,,19888,994,4,4,null,1218,11,175
1701701277787,355,https://www.blazedemo.com/confirmation.php,200,OK,Ensaio - Ultimate Thread Group 1-3,text,true,,5780,428,4,4,https://www.blazedemo.com/confirmation.php,344,0,0
1701701276680,1454,Test,200,"Number of samples in transaction : 3, number of failing samples : 0",Ensaio - Ultimate Thread Group 1-3,,true,,19888,982,4,4,null,1412,9,537
1701701277950,255,https://www.blazedemo.com/purchase.php,200,OK,Ensaio - Ultimate Thread Group 1-4,text,true,,6719,299,5,5,https://www.blazedemo.com/purchase.php,244,0,0
1701701277976,362,https://www.blazedemo.com/purchase.php,200,OK,Ensaio - Ultimate Thread Group 1-2,text,true,,6719,299,5,5,https://www.blazedemo.com/purchase.php,358,0,0
1701701278047,470,https://www.blazedemo.com/reserve.php,200,OK,Ensaio - Ultimate Thread Group 1-5,text,true,,7389,255,5,5,https://www.blazedemo.com/reserve.php,450,0,178
1701701278206,409,https://www.blazedemo.com/confirmation.php,200,OK,Ensaio - Ultimate Thread Group 1-4,text,true,,5780,446,5,5,https://www.blazedemo.com/confirmation.php,398,0,0
1701701277204,1405,Test,200,"Number of samples in transaction : 3, number of failing samples : 0",Ensaio - Ultimate Thread Group 1-4,,true,,19888,1000,5,5,null,1365,7,217
1701701278340,285,https://www.blazedemo.com/confirmation.php,200,OK,Ensaio - Ultimate Thread Group 1-2,text,true,,5780,428,5,5,https://www.blazedemo.com/confirmation.php,274,0,0
1701701277346,1273,Test,200,"Number of samples in transaction : 3, number of failing samples : 0",Ensaio - Ultimate Thread Group 1-2,,true,,19888,982,5,5,null,1242,7,194
1701701278164,491,https://www.blazedemo.com/reserve.php,200,OK,Ensaio - Ultimate Thread Group 1-1,text,true,,7389,255,5,5,https://www.blazedemo.com/reserve.php,470,0,203
1701701278145,580,https://www.blazedemo.com/reserve.php,200,OK,Ensaio - Ultimate Thread Group 1-3,text,true,,7389,255,5,5,https://www.blazedemo.com/reserve.php,561,0,192
1701701278518,314,https://www.blazedemo.com/purchase.php,200,OK,Ensaio - Ultimate Thread Group 1-5,text,true,,6719,299,5,5,https://www.blazedemo.com/purchase.php,302,0,0
1701701278657,316,https://www.blazedemo.com/purchase.php,200,OK,Ensaio - Ultimate Thread Group 1-1,text,true,,6719,299,5,5,https://www.blazedemo.com/purchase.php,304,0,0
1701701278728,349,https://www.blazedemo.com/purchase.php,200,OK,Ensaio - Ultimate Thread Group 1-3,text,true,,6719,299,5,5,https://www.blazedemo.com/purchase.php,337,0,0
1701701278633,454,https://www.blazedemo.com/reserve.php,200,OK,Ensaio - Ultimate Thread Group 1-2,text,true,,7389,255,5,5,https://www.blazedemo.com/reserve.php,435,0,183
1701701278833,292,https://www.blazedemo.com/confirmation.php,200,OK,Ensaio - Ultimate Thread Group 1-5,text,true,,5780,440,5,5,https://www.blazedemo.com/confirmation.php,280,0,0
1701701278044,1076,Test,200,"Number of samples in transaction : 3, number of failing samples : 0",Ensaio - Ultimate Thread Group 1-5,,true,,19888,994,5,5,null,1032,5,178
1701701278621,588,https://www.blazedemo.com/reserve.php,200,OK,Ensaio - Ultimate Thread Group 1-4,text,true,,7389,255,5,5,https://www.blazedemo.com/reserve.php,568,0,180
1701701278973,261,https://www.blazedemo.com/confirmation.php,200,OK,Ensaio - Ultimate Thread Group 1-1,text,true,,5780,428,5,5,https://www.blazedemo.com/confirmation.php,249,0,0
1701701278162,1068,Test,200,"Number of samples in transaction : 3, number of failing samples : 0",Ensaio - Ultimate Thread Group 1-1,,true,,19888,982,5,5,null,1023,4,203
1701701279077,262,https://www.blazedemo.com/confirmation.php,200,OK,Ensaio - Ultimate Thread Group 1-3,text,true,,5780,446,5,5,https://www.blazedemo.com/confirmation.php,246,0,0
1701701278144,1191,Test,200,"Number of samples in transaction : 3, number of failing samples : 0",Ensaio - Ultimate Thread Group 1-3,,true,,19888,1000,5,5,null,1144,5,192
1701701279209,251,https://www.blazedemo.com/purchase.php,200,OK,Ensaio - Ultimate Thread Group 1-4,text,true,,6719,299,5,5,https://www.blazedemo.com/purchase.php,239,0,0
1701701279088,440,https://www.blazedemo.com/purchase.php,200,OK,Ensaio - Ultimate Thread Group 1-2,text,true,,6719,299,5,5,https://www.blazedemo.com/purchase.php,428,0,0
1701701279127,554,https://www.blazedemo.com/reserve.php,200,OK,Ensaio - Ultimate Thread Group 1-5,text,true,,7389,255,5,5,https://www.blazedemo.com/reserve.php,534,0,197
1701701279235,474,https://www.blazedemo.com/reserve.php,200,OK,Ensaio - Ultimate Thread Group 1-1,text,true,,7389,255,5,5,https://www.blazedemo.com/reserve.php,454,0,171
1701701279461,318,https://www.blazedemo.com/confirmation.php,200,OK,Ensaio - Ultimate Thread Group 1-4,text,true,,5780,440,5,5,https://www.blazedemo.com/confirmation.php,302,0,0
1701701278618,1158,Test,200,"Number of samples in transaction : 3, number of failing samples : 0",Ensaio - Ultimate Thread Group 1-4,,true,,19888,994,5,5,null,1109,8,180
1701701279346,443,https://www.blazedemo.com/reserve.php,200,OK,Ensaio - Ultimate Thread Group 1-3,text,true,,7389,255,5,5,https://www.blazedemo.com/reserve.php,423,0,172
1701701279529,272,https://www.blazedemo.com/confirmation.php,200,OK,Ensaio - Ultimate Thread Group 1-2,text,true,,5780,446,5,5,https://www.blazedemo.com/confirmation.php,267,0,0
1701701278630,1166,Test,200,"Number of samples in transaction : 3, number of failing samples : 0",Ensaio - Ultimate Thread Group 1-2,,true,,19888,1000,5,5,null,1130,7,183
1701701279684,351,https://www.blazedemo.com/purchase.php,200,OK,Ensaio - Ultimate Thread Group 1-5,text,true,,6719,299,5,5,https://www.blazedemo.com/purchase.php,336,0,0
1701701279711,351,https://www.blazedemo.com/purchase.php,200,OK,Ensaio - Ultimate Thread Group 1-1,text,true,,6719,299,5,5,https://www.blazedemo.com/purchase.php,340,0,0
1701701279790,346,https://www.blazedemo.com/purchase.php,200,OK,Ensaio - Ultimate Thread Group 1-3,text,true,,6719,299,5,5,https://www.blazedemo.com/purchase.php,330,0,0
1701701279790,533,https://www.blazedemo.com/reserve.php,200,OK,Ensaio - Ultimate Thread Group 1-4,text,true,,7389,255,5,5,https://www.blazedemo.com/reserve.php,530,0,200
1701701279808,519,https://www.blazedemo.com/reserve.php,200,OK,Ensaio - Ultimate Thread Group 1-2,text,true,,7389,255,5,5,https://www.blazedemo.com/reserve.php,512,0,187
1701701280137,255,https://www.blazedemo.com/confirmation.php,200,OK,Ensaio - Ultimate Thread Group 1-3,text,true,,5780,446,5,5,https://www.blazedemo.com/confirmation.php,244,0,0
1701701279344,1044,Test,200,"Number of samples in transaction : 3, number of failing samples : 0",Ensaio - Ultimate Thread Group 1-3,,true,,19888,1000,5,5,null,997,5,172
1701701280043,536,https://www.blazedemo.com/confirmation.php,200,OK,Ensaio - Ultimate Thread Group 1-5,text,true,,5780,428,5,5,https://www.blazedemo.com/confirmation.php,525,0,0
1701701279126,1441,Test,200,"Number of samples in transaction : 3, number of failing samples : 0",Ensaio - Ultimate Thread Group 1-5,,true,,19888,982,5,5,null,1395,14,197
1701701280063,571,https://www.blazedemo.com/confirmation.php,200,OK,Ensaio - Ultimate Thread Group 1-1,text,true,,5780,440,5,5,https://www.blazedemo.com/confirmation.php,555,0,0
1701701279234,1396,Test,200,"Number of samples in transaction : 3, number of failing samples : 0",Ensaio - Ultimate Thread Group 1-1,,true,,19888,994,5,5,null,1349,5,171
1701701280325,489,https://www.blazedemo.com/purchase.php,200,OK,Ensaio - Ultimate Thread Group 1-4,text,true,,6719,299,5,5,https://www.blazedemo.com/purchase.php,477,0,0
1701701280329,543,https://www.blazedemo.com/purchase.php,200,OK,Ensaio - Ultimate Thread Group 1-2,text,true,,6719,299,5,5,https://www.blazedemo.com/purchase.php,521,0,0
1701701280402,537,https://www.blazedemo.com/reserve.php,200,OK,Ensaio - Ultimate Thread Group 1-3,text,true,,7389,255,5,5,https://www.blazedemo.com/reserve.php,518,0,213
1701701280592,475,https://www.blazedemo.com/reserve.php,200,OK,Ensaio - Ultimate Thread Group 1-5,text,true,,7389,255,5,5,https://www.blazedemo.com/reserve.php,455,0,197
1701701280646,531,https://www.blazedemo.com/reserve.php,200,OK,Ensaio - Ultimate Thread Group 1-1,text,true,,7389,255,5,5,https://www.blazedemo.com/reserve.php,512,0,178
1701701280874,379,https://www.blazedemo.com/confirmation.php,200,OK,Ensaio - Ultimate Thread Group 1-2,text,true,,5780,440,5,5,https://www.blazedemo.com/confirmation.php,368,0,0
1701701279805,1441,Test,200,"Number of samples in transaction : 3, number of failing samples : 0",Ensaio - Ultimate Thread Group 1-2,,true,,19888,994,5,5,null,1401,8,187
1701701280940,412,https://www.blazedemo.com/purchase.php,200,OK,Ensaio - Ultimate Thread Group 1-3,text,true,,6719,299,5,5,https://www.blazedemo.com/purchase.php,399,0,0
1701701280815,555,https://www.blazedemo.com/confirmation.php,200,OK,Ensaio - Ultimate Thread Group 1-4,text,true,,5780,428,5,5,https://www.blazedemo.com/confirmation.php,544,0,0
1701701279788,1577,Test,200,"Number of samples in transaction : 3, number of failing samples : 0",Ensaio - Ultimate Thread Group 1-4,,true,,19888,982,5,5,null,1551,6,200
1701701281068,324,https://www.blazedemo.com/purchase.php,200,OK,Ensaio - Ultimate Thread Group 1-5,text,true,,6719,299,5,5,https://www.blazedemo.com/purchase.php,312,0,0
1701701281179,274,https://www.blazedemo.com/purchase.php,200,OK,Ensaio - Ultimate Thread Group 1-1,text,true,,6719,299,5,5,https://www.blazedemo.com/purchase.php,263,0,0
1701701281354,280,https://www.blazedemo.com/confirmation.php,200,OK,Ensaio - Ultimate Thread Group 1-3,text,true,,5780,446,5,5,https://www.blazedemo.com/confirmation.php,268,0,0
1701701280396,1229,Test,200,"Number of samples in transaction : 3, number of failing samples : 0",Ensaio - Ultimate Thread Group 1-3,,true,,19888,1000,5,5,null,1185,10,213
1701701281393,308,https://www.blazedemo.com/confirmation.php,200,OK,Ensaio - Ultimate Thread Group 1-5,text,true,,5780,428,5,5,https://www.blazedemo.com/confirmation.php,296,0,0
1701701280588,1107,Test,200,"Number of samples in transaction : 3, number of failing samples : 0",Ensaio - Ultimate Thread Group 1-5,,true,,19888,982,5,5,null,1063,7,197
1701701281454,258,https://www.blazedemo.com/confirmation.php,200,OK,Ensaio - Ultimate Thread Group 1-1,text,true,,5780,440,5,5,https://www.blazedemo.com/confirmation.php,247,0,0
1701701280643,1064,Test,200,"Number of samples in transaction : 3, number of failing samples : 0",Ensaio - Ultimate Thread Group 1-1,,true,,19888,994,5,5,null,1022,7,178
1701701281260,465,https://www.blazedemo.com/reserve.php,200,OK,Ensaio - Ultimate Thread Group 1-2,text,true,,7389,255,5,5,https://www.blazedemo.com/reserve.php,447,0,183
1701701281380,458,https://www.blazedemo.com/reserve.php,200,OK,Ensaio - Ultimate Thread Group 1-4,text,true,,7389,255,5,5,https://www.blazedemo.com/reserve.php,438,0,175
1701701281638,443,https://www.blazedemo.com/reserve.php,200,OK,Ensaio - Ultimate Thread Group 1-3,text,true,,7389,255,5,5,https://www.blazedemo.com/reserve.php,422,0,172
1701701281726,451,https://www.blazedemo.com/purchase.php,200,OK,Ensaio - Ultimate Thread Group 1-2,text,true,,6719,299,5,5,https://www.blazedemo.com/purchase.php,448,0,0
1701701281839,340,https://www.blazedemo.com/purchase.php,200,OK,Ensaio - Ultimate Thread Group 1-4,text,true,,6719,299,5,5,https://www.blazedemo.com/purchase.php,334,0,0
1701701281719,506,https://www.blazedemo.com/reserve.php,200,OK,Ensaio - Ultimate Thread Group 1-1,text,true,,7389,255,5,5,https://www.blazedemo.com/reserve.php,488,0,181
1701701281707,560,https://www.blazedemo.com/reserve.php,200,OK,Ensaio - Ultimate Thread Group 1-5,text,true,,7389,255,5,5,https://www.blazedemo.com/reserve.php,540,0,283
1701701282081,331,https://www.blazedemo.com/purchase.php,200,OK,Ensaio - Ultimate Thread Group 1-3,text,true,,6719,299,5,5,https://www.blazedemo.com/purchase.php,328,0,0
1701701282180,269,https://www.blazedemo.com/confirmation.php,200,OK,Ensaio - Ultimate Thread Group 1-4,text,true,,5780,428,5,5,https://www.blazedemo.com/confirmation.php,259,0,0
1701701281374,1067,Test,200,"Number of samples in transaction : 3, number of failing samples : 0",Ensaio - Ultimate Thread Group 1-4,,true,,19888,982,5,5,null,1031,9,175
1701701282268,285,https://www.blazedemo.com/purchase.php,200,OK,Ensaio - Ultimate Thread Group 1-5,text,true,,6719,299,5,5,https://www.blazedemo.com/purchase.php,273,0,0
1701701282179,388,https://www.blazedemo.com/confirmation.php,200,OK,Ensaio - Ultimate Thread Group 1-2,text,true,,5780,446,5,5,https://www.blazedemo.com/confirmation.php,375,0,0
1701701281258,1304,Test,200,"Number of samples in transaction : 3, number of failing samples : 0",Ensaio - Ultimate Thread Group 1-2,,true,,19888,1000,5,5,null,1270,6,183
1701701282227,355,https://www.blazedemo.com/purchase.php,200,OK,Ensaio - Ultimate Thread Group 1-1,text,true,,6719,299,5,5,https://www.blazedemo.com/purchase.php,345,0,0
1701701282413,260,https://www.blazedemo.com/confirmation.php,200,OK,Ensaio - Ultimate Thread Group 1-3,text,true,,5780,440,5,5,https://www.blazedemo.com/confirmation.php,248,0,0
1701701281636,1034,Test,200,"Number of samples in transaction : 3, number of failing samples : 0",Ensaio - Ultimate Thread Group 1-3,,true,,19888,994,5,5,null,998,3,172
1701701282555,294,https://www.blazedemo.com/confirmation.php,200,OK,Ensaio - Ultimate Thread Group 1-5,text,true,,5780,446,5,5,https://www.blazedemo.com/confirmation.php,283,0,0
1701701281705,1139,Test,200,"Number of samples in transaction : 3, number of failing samples : 0",Ensaio - Ultimate Thread Group 1-5,,true,,19888,1000,5,5,null,1096,6,283
1701701282454,443,https://www.blazedemo.com/reserve.php,200,OK,Ensaio - Ultimate Thread Group 1-4,text,true,,7389,255,5,5,https://www.blazedemo.com/reserve.php,424,0,172
1701701282583,325,https://www.blazedemo.com/confirmation.php,200,OK,Ensaio - Ultimate Thread Group 1-1,text,true,,5780,428,5,5,https://www.blazedemo.com/confirmation.php,311,0,0
1701701281717,1186,Test,200,"Number of samples in transaction : 3, number of failing samples : 0",Ensaio - Ultimate Thread Group 1-1,,true,,19888,982,5,5,null,1144,6,181
1701701282580,477,https://www.blazedemo.com/reserve.php,200,OK,Ensaio - Ultimate Thread Group 1-2,text,true,,7389,255,5,5,https://www.blazedemo.com/reserve.php,476,0,206
1701701282675,496,https://www.blazedemo.com/reserve.php,200,OK,Ensaio - Ultimate Thread Group 1-3,text,true,,7389,255,5,5,https://www.blazedemo.com/reserve.php,477,0,196
1701701282898,354,https://www.blazedemo.com/purchase.php,200,OK,Ensaio - Ultimate Thread Group 1-4,text,true,,6719,299,5,5,https://www.blazedemo.com/purchase.php,342,0,0
1701701283058,274,https://www.blazedemo.com/purchase.php,200,OK,Ensaio - Ultimate Thread Group 1-2,text,true,,6719,299,5,5,https://www.blazedemo.com/purchase.php,262,0,0
1701701282858,492,https://www.blazedemo.com/reserve.php,200,OK,Ensaio - Ultimate Thread Group 1-5,text,true,,7389,255,5,5,https://www.blazedemo.com/reserve.php,472,0,204
1701701282923,499,https://www.blazedemo.com/reserve.php,200,OK,Ensaio - Ultimate Thread Group 1-1,text,true,,7389,255,5,5,https://www.blazedemo.com/reserve.php,496,0,184
1701701283173,332,https://www.blazedemo.com/purchase.php,200,OK,Ensaio - Ultimate Thread Group 1-3,text,true,,6719,299,5,5,https://www.blazedemo.com/purchase.php,320,0,0
1701701283252,267,https://www.blazedemo.com/confirmation.php,200,OK,Ensaio - Ultimate Thread Group 1-4,text,true,,5780,440,5,5,https://www.blazedemo.com/confirmation.php,256,0,0
1701701282452,1064,Test,200,"Number of samples in transaction : 3, number of failing samples : 0",Ensaio - Ultimate Thread Group 1-4,,true,,19888,994,5,5,null,1022,3,172
1701701283333,258,https://www.blazedemo.com/confirmation.php,200,OK,Ensaio - Ultimate Thread Group 1-2,text,true,,5780,446,5,5,https://www.blazedemo.com/confirmation.php,245,0,0
1701701282577,1009,Test,200,"Number of samples in transaction : 3, number of failing samples : 0",Ensaio - Ultimate Thread Group 1-2,,true,,19888,1000,5,5,null,983,5,206
1701701283423,287,https://www.blazedemo.com/purchase.php,200,OK,Ensaio - Ultimate Thread Group 1-1,text,true,,6719,299,5,5,https://www.blazedemo.com/purchase.php,273,0,0
1701701283351,409,https://www.blazedemo.com/purchase.php,200,OK,Ensaio - Ultimate Thread Group 1-5,text,true,,6719,299,5,5,https://www.blazedemo.com/purchase.php,397,0,0
1701701283507,347,https://www.blazedemo.com/confirmation.php,200,OK,Ensaio - Ultimate Thread Group 1-3,text,true,,5780,428,5,5,https://www.blazedemo.com/confirmation.php,337,0,0
1701701282674,1175,Test,200,"Number of samples in transaction : 3, number of failing samples : 0",Ensaio - Ultimate Thread Group 1-3,,true,,19888,982,5,5,null,1134,6,196
1701701283522,443,https://www.blazedemo.com/reserve.php,200,OK,Ensaio - Ultimate Thread Group 1-4,text,true,,7389,255,5,5,https://www.blazedemo.com/reserve.php,432,0,164
1701701283711,281,https://www.blazedemo.com/confirmation.php,200,OK,Ensaio - Ultimate Thread Group 1-1,text,true,,5780,446,5,5,https://www.blazedemo.com/confirmation.php,269,0,0
1701701282922,1067,Test,200,"Number of samples in transaction : 3, number of failing samples : 0",Ensaio - Ultimate Thread Group 1-1,,true,,19888,1000,5,5,null,1038,3,184
1701701283592,431,https://www.blazedemo.com/reserve.php,200,OK,Ensaio - Ultimate Thread Group 1-2,text,true,,7389,255,5,5,https://www.blazedemo.com/reserve.php,412,0,162
1701701283760,308,https://www.blazedemo.com/confirmation.php,200,OK,Ensaio - Ultimate Thread Group 1-5,text,true,,5780,440,5,5,https://www.blazedemo.com/confirmation.php,295,0,0
1701701282855,1209,Test,200,"Number of samples in transaction : 3, number of failing samples : 0",Ensaio - Ultimate Thread Group 1-5,,true,,19888,994,5,5,null,1164,4,204
1701701283966,266,https://www.blazedemo.com/purchase.php,200,OK,Ensaio - Ultimate Thread Group 1-4,text,true,,6719,299,5,5,https://www.blazedemo.com/purchase.php,248,0,0
1701701284024,330,https://www.blazedemo.com/purchase.php,200,OK,Ensaio - Ultimate Thread Group 1-2,text,true,,6719,299,5,5,https://www.blazedemo.com/purchase.php,318,0,0
1701701283993,479,https://www.blazedemo.com/reserve.php,200,OK,Ensaio - Ultimate Thread Group 1-1,text,true,,7389,255,5,5,https://www.blazedemo.com/reserve.php,460,0,207
1701701284234,258,https://www.blazedemo.com/confirmation.php,200,OK,Ensaio - Ultimate Thread Group 1-4,text,true,,5780,428,5,5,https://www.blazedemo.com/confirmation.php,247,0,0
1701701283521,967,Test,200,"Number of samples in transaction : 3, number of failing samples : 0",Ensaio - Ultimate Thread Group 1-4,,true,,19888,982,5,5,null,927,5,164
1701701284069,566,https://www.blazedemo.com/reserve.php,200,OK,Ensaio - Ultimate Thread Group 1-5,text,true,,7389,255,5,5,https://www.blazedemo.com/reserve.php,547,0,184
1701701283862,837,https://www.blazedemo.com/reserve.php,200,OK,Ensaio - Ultimate Thread Group 1-3,text,true,,7389,255,5,5,https://www.blazedemo.com/reserve.php,786,0,526
1701701284354,353,https://www.blazedemo.com/confirmation.php,200,OK,Ensaio - Ultimate Thread Group 1-2,text,true,,5780,440,5,5,https://www.blazedemo.com/confirmation.php,344,0,0
1701701283591,1114,Test,200,"Number of samples in transaction : 3, number of failing samples : 0",Ensaio - Ultimate Thread Group 1-2,,true,,19888,994,5,5,null,1074,2,162
1701701284473,274,https://www.blazedemo.com/purchase.php,200,OK,Ensaio - Ultimate Thread Group 1-1,text,true,,6719,299,5,5,https://www.blazedemo.com/purchase.php,262,0,0
1701701284637,268,https://www.blazedemo.com/purchase.php,200,OK,Ensaio - Ultimate Thread Group 1-5,text,true,,6719,299,5,5,https://www.blazedemo.com/purchase.php,258,0,0
1701701284498,475,https://www.blazedemo.com/reserve.php,200,OK,Ensaio - Ultimate Thread Group 1-4,text,true,,7389,255,5,5,https://www.blazedemo.com/reserve.php,456,0,210
1701701284700,285,https://www.blazedemo.com/purchase.php,200,OK,Ensaio - Ultimate Thread Group 1-3,text,true,,6719,299,5,5,https://www.blazedemo.com/purchase.php,269,0,0
1701701284748,428,https://www.blazedemo.com/confirmation.php,200,OK,Ensaio - Ultimate Thread Group 1-1,text,true,,5780,428,5,5,https://www.blazedemo.com/confirmation.php,426,0,0
1701701283993,1181,Test,200,"Number of samples in transaction : 3, number of failing samples : 0",Ensaio - Ultimate Thread Group 1-1,,true,,19888,982,5,5,null,1148,3,207
1701701284712,477,https://www.blazedemo.com/reserve.php,200,OK,Ensaio - Ultimate Thread Group 1-2,text,true,,7389,255,5,5,https://www.blazedemo.com/reserve.php,462,0,181
1701701284908,320,https://www.blazedemo.com/confirmation.php,200,OK,Ensaio - Ultimate Thread Group 1-5,text,true,,5780,440,5,5,https://www.blazedemo.com/confirmation.php,309,0,0
1701701284069,1154,Test,200,"Number of samples in transaction : 3, number of failing samples : 0",Ensaio - Ultimate Thread Group 1-5,,true,,19888,994,5,5,null,1114,6,184
1701701284974,300,https://www.blazedemo.com/purchase.php,200,OK,Ensaio - Ultimate Thread Group 1-4,text,true,,6719,299,5,5,https://www.blazedemo.com/purchase.php,288,0,0
1701701284986,305,https://www.blazedemo.com/confirmation.php,200,OK,Ensaio - Ultimate Thread Group 1-3,text,true,,5780,446,5,5,https://www.blazedemo.com/confirmation.php,294,0,0
1701701283859,1427,Test,200,"Number of samples in transaction : 3, number of failing samples : 0",Ensaio - Ultimate Thread Group 1-3,,true,,19888,1000,5,5,null,1349,6,526
1701701285191,318,https://www.blazedemo.com/purchase.php,200,OK,Ensaio - Ultimate Thread Group 1-2,text,true,,6719,299,5,5,https://www.blazedemo.com/purchase.php,303,0,0
1701701285274,396,https://www.blazedemo.com/confirmation.php,200,OK,Ensaio - Ultimate Thread Group 1-4,text,true,,5780,446,5,5,https://www.blazedemo.com/confirmation.php,385,0,0
1701701284495,1171,Test,200,"Number of samples in transaction : 3, number of failing samples : 0",Ensaio - Ultimate Thread Group 1-4,,true,,19888,1000,5,5,null,1129,4,210
1701701285232,459,https://www.blazedemo.com/reserve.php,200,OK,Ensaio - Ultimate Thread Group 1-5,text,true,,7389,255,5,5,https://www.blazedemo.com/reserve.php,439,0,192
1701701285181,581,https://www.blazedemo.com/reserve.php,200,OK,Ensaio - Ultimate Thread Group 1-1,text,true,,7389,255,5,5,https://www.blazedemo.com/reserve.php,567,0,177
1701701285294,473,https://www.blazedemo.com/reserve.php,200,OK,Ensaio - Ultimate Thread Group 1-3,text,true,,7389,255,5,5,https://www.blazedemo.com/reserve.php,454,0,180
1701701285511,294,https://www.blazedemo.com/confirmation.php,200,OK,Ensaio - Ultimate Thread Group 1-2,text,true,,5780,428,5,5,https://www.blazedemo.com/confirmation.php,282,0,0
1701701284711,1089,Test,200,"Number of samples in transaction : 3, number of failing samples : 0",Ensaio - Ultimate Thread Group 1-2,,true,,19888,982,5,5,null,1047,6,181
1701701285692,278,https://www.blazedemo.com/purchase.php,200,OK,Ensaio - Ultimate Thread Group 1-5,text,true,,6719,299,5,5,https://www.blazedemo.com/purchase.php,264,0,0
1701701285768,305,https://www.blazedemo.com/purchase.php,200,OK,Ensaio - Ultimate Thread Group 1-3,text,true,,6719,299,5,5,https://www.blazedemo.com/purchase.php,294,0,0
1701701285763,314,https://www.blazedemo.com/purchase.php,200,OK,Ensaio - Ultimate Thread Group 1-1,text,true,,6719,299,5,5,https://www.blazedemo.com/purchase.php,300,0,0
1701701285671,461,https://www.blazedemo.com/reserve.php,200,OK,Ensaio - Ultimate Thread Group 1-4,text,true,,7389,255,5,5,https://www.blazedemo.com/reserve.php,441,0,185
1701701285971,340,https://www.blazedemo.com/confirmation.php,200,OK,Ensaio - Ultimate Thread Group 1-5,text,true,,5780,446,5,5,https://www.blazedemo.com/confirmation.php,330,0,0
1701701285231,1077,Test,200,"Number of samples in transaction : 3, number of failing samples : 0",Ensaio - Ultimate Thread Group 1-5,,true,,19888,1000,5,5,null,1033,4,192
1701701285812,510,https://www.blazedemo.com/reserve.php,200,OK,Ensaio - Ultimate Thread Group 1-2,text,true,,7389,255,5,5,https://www.blazedemo.com/reserve.php,494,0,185
1701701286074,262,https://www.blazedemo.com/confirmation.php,200,OK,Ensaio - Ultimate Thread Group 1-3,text,true,,5780,428,5,5,https://www.blazedemo.com/confirmation.php,251,0,0
1701701285293,1040,Test,200,"Number of samples in transaction : 3, number of failing samples : 0",Ensaio - Ultimate Thread Group 1-3,,true,,19888,982,5,5,null,999,4,180
1701701286079,272,https://www.blazedemo.com/confirmation.php,200,OK,Ensaio - Ultimate Thread Group 1-1,text,true,,5780,440,5,5,https://www.blazedemo.com/confirmation.php,262,0,0
1701701285179,1167,Test,200,"Number of samples in transaction : 3, number of failing samples : 0",Ensaio - Ultimate Thread Group 1-1,,true,,19888,994,5,5,null,1129,6,177
1701701286133,422,https://www.blazedemo.com/purchase.php,200,OK,Ensaio - Ultimate Thread Group 1-4,text,true,,6719,299,5,5,https://www.blazedemo.com/purchase.php,411,0,0
1701701286326,278,https://www.blazedemo.com/purchase.php,200,OK,Ensaio - Ultimate Thread Group 1-2,text,true,,6719,299,5,5,https://www.blazedemo.com/purchase.php,266,0,0
1701701286321,487,https://www.blazedemo.com/reserve.php,200,OK,Ensaio - Ultimate Thread Group 1-5,text,true,,7389,255,5,5,https://www.blazedemo.com/reserve.php,486,0,174
1701701286339,529,https://www.blazedemo.com/reserve.php,200,OK,Ensaio - Ultimate Thread Group 1-3,text,true,,7389,255,5,5,https://www.blazedemo.com/reserve.php,509,0,180
1701701286557,349,https://www.blazedemo.com/confirmation.php,200,OK,Ensaio - Ultimate Thread Group 1-4,text,true,,5780,440,5,5,https://www.blazedemo.com/confirmation.php,337,0,0
1701701285671,1232,Test,200,"Number of samples in transaction : 3, number of failing samples : 0",Ensaio - Ultimate Thread Group 1-4,,true,,19888,994,5,5,null,1189,3,185
1701701286353,617,https://www.blazedemo.com/reserve.php,200,OK,Ensaio - Ultimate Thread Group 1-1,text,true,,7389,255,5,5,https://www.blazedemo.com/reserve.php,585,0,182
1701701286604,392,https://www.blazedemo.com/confirmation.php,200,OK,Ensaio - Ultimate Thread Group 1-2,text,true,,5780,446,5,5,https://www.blazedemo.com/confirmation.php,380,0,0
1701701285808,1180,Test,200,"Number of samples in transaction : 3, number of failing samples : 0",Ensaio - Ultimate Thread Group 1-2,,true,,19888,1000,5,5,null,1140,8,185
1701701286810,298,https://www.blazedemo.com/purchase.php,200,OK,Ensaio - Ultimate Thread Group 1-5,text,true,,6719,299,5,5,https://www.blazedemo.com/purchase.php,286,0,0
1701701286869,275,https://www.blazedemo.com/purchase.php,200,OK,Ensaio - Ultimate Thread Group 1-3,text,true,,6719,299,5,5,https://www.blazedemo.com/purchase.php,263,0,0
1701701286970,314,https://www.blazedemo.com/purchase.php,200,OK,Ensaio - Ultimate Thread Group 1-1,text,true,,6719,299,5,5,https://www.blazedemo.com/purchase.php,302,0,0
1701701286908,443,https://www.blazedemo.com/reserve.php,200,OK,Ensaio - Ultimate Thread Group 1-4,text,true,,7389,255,5,5,https://www.blazedemo.com/reserve.php,423,0,166
1701701287109,303,https://www.blazedemo.com/confirmation.php,200,OK,Ensaio - Ultimate Thread Group 1-5,text,true,,5780,428,5,5,https://www.blazedemo.com/confirmation.php,302,0,0
1701701286319,1088,Test,200,"Number of samples in transaction : 3, number of failing samples : 0",Ensaio - Ultimate Thread Group 1-5,,true,,19888,982,5,5,null,1074,5,174
1701701287145,270,https://www.blazedemo.com/confirmation.php,200,OK,Ensaio - Ultimate Thread Group 1-3,text,true,,5780,440,5,5,https://www.blazedemo.com/confirmation.php,266,0,0
1701701286338,1074,Test,200,"Number of samples in transaction : 3, number of failing samples : 0",Ensaio - Ultimate Thread Group 1-3,,true,,19888,994,5,5,null,1038,4,180
1701701286997,461,https://www.blazedemo.com/reserve.php,200,OK,Ensaio - Ultimate Thread Group 1-2,text,true,,7389,255,5,5,https://www.blazedemo.com/reserve.php,446,0,161
1701701287285,255,https://www.blazedemo.com/confirmation.php,200,OK,Ensaio - Ultimate Thread Group 1-1,text,true,,5780,446,5,5,https://www.blazedemo.com/confirmation.php,244,0,0
1701701286353,1186,Test,200,"Number of samples in transaction : 3, number of failing samples : 0",Ensaio - Ultimate Thread Group 1-1,,true,,19888,1000,5,5,null,1131,2,182
1701701287352,281,https://www.blazedemo.com/purchase.php,200,OK,Ensaio - Ultimate Thread Group 1-4,text,true,,6719,299,5,5,https://www.blazedemo.com/purchase.php,281,0,0
1701701287459,260,https://www.blazedemo.com/purchase.php,200,OK,Ensaio - Ultimate Thread Group 1-2,text,true,,6719,299,5,5,https://www.blazedemo.com/purchase.php,248,0,0
1701701287417,521,https://www.blazedemo.com/reserve.php,200,OK,Ensaio - Ultimate Thread Group 1-3,text,true,,7389,255,5,5,https://www.blazedemo.com/reserve.php,520,0,187
1701701287413,538,https://www.blazedemo.com/reserve.php,200,OK,Ensaio - Ultimate Thread Group 1-5,text,true,,7389,255,5,5,https://www.blazedemo.com/reserve.php,524,0,193
1701701287633,369,https://www.blazedemo.com/confirmation.php,200,OK,Ensaio - Ultimate Thread Group 1-4,text,true,,5780,428,5,5,https://www.blazedemo.com/confirmation.php,358,0,0
1701701286907,1093,Test,200,"Number of samples in transaction : 3, number of failing samples : 0",Ensaio - Ultimate Thread Group 1-4,,true,,19888,982,5,5,null,1062,3,166
1701701287719,318,https://www.blazedemo.com/confirmation.php,200,OK,Ensaio - Ultimate Thread Group 1-2,text,true,,5780,440,5,5,https://www.blazedemo.com/confirmation.php,305,0,0
1701701286996,1039,Test,200,"Number of samples in transaction : 3, number of failing samples : 0",Ensaio - Ultimate Thread Group 1-2,,true,,19888,994,5,5,null,999,2,161
1701701287544,533,https://www.blazedemo.com/reserve.php,200,OK,Ensaio - Ultimate Thread Group 1-1,text,true,,7389,255,5,5,https://www.blazedemo.com/reserve.php,533,0,169
1701701287952,376,https://www.blazedemo.com/purchase.php,200,OK,Ensaio - Ultimate Thread Group 1-5,text,true,,6719,299,5,5,https://www.blazedemo.com/purchase.php,365,0,0
1701701288077,279,https://www.blazedemo.com/purchase.php,200,OK,Ensaio - Ultimate Thread Group 1-1,text,true,,6719,299,5,5,https://www.blazedemo.com/purchase.php,268,0,0
1701701287939,419,https://www.blazedemo.com/purchase.php,200,OK,Ensaio - Ultimate Thread Group 1-3,text,true,,6719,299,5,5,https://www.blazedemo.com/purchase.php,407,0,0
1701701288009,471,https://www.blazedemo.com/reserve.php,200,OK,Ensaio - Ultimate Thread Group 1-4,text,true,,7389,255,5,5,https://www.blazedemo.com/reserve.php,452,0,155
1701701288039,533,https://www.blazedemo.com/reserve.php,200,OK,Ensaio - Ultimate Thread Group 1-2,text,true,,7389,255,5,5,https://www.blazedemo.com/reserve.php,514,0,187
1701701288357,380,https://www.blazedemo.com/confirmation.php,200,OK,Ensaio - Ultimate Thread Group 1-1,text,true,,5780,440,5,5,https://www.blazedemo.com/confirmation.php,368,0,0
1701701287542,1192,Test,200,"Number of samples in transaction : 3, number of failing samples : 0",Ensaio - Ultimate Thread Group 1-1,,true,,19888,994,5,5,null,1169,3,169
1701701288330,410,https://www.blazedemo.com/confirmation.php,200,OK,Ensaio - Ultimate Thread Group 1-5,text,true,,5780,446,5,5,https://www.blazedemo.com/confirmation.php,399,0,0
1701701287413,1324,Test,200,"Number of samples in transaction : 3, number of failing samples : 0",Ensaio - Ultimate Thread Group 1-5,,true,,19888,1000,5,5,null,1288,4,193
1701701288360,386,https://www.blazedemo.com/confirmation.php,200,OK,Ensaio - Ultimate Thread Group 1-3,text,true,,5780,428,5,5,https://www.blazedemo.com/confirmation.php,371,0,0
1701701287417,1326,Test,200,"Number of samples in transaction : 3, number of failing samples : 0",Ensaio - Ultimate Thread Group 1-3,,true,,19888,982,5,5,null,1298,3,187
1701701288482,383,https://www.blazedemo.com/purchase.php,200,OK,Ensaio - Ultimate Thread Group 1-4,text,true,,6719,299,5,5,https://www.blazedemo.com/purchase.php,372,0,0
1701701288573,367,https://www.blazedemo.com/purchase.php,200,OK,Ensaio - Ultimate Thread Group 1-2,text,true,,6719,299,5,5,https://www.blazedemo.com/purchase.php,354,0,0
1701701288866,277,https://www.blazedemo.com/confirmation.php,200,OK,Ensaio - Ultimate Thread Group 1-4,text,true,,5780,446,5,5,https://www.blazedemo.com/confirmation.php,265,0,0
1701701288008,1131,Test,200,"Number of samples in transaction : 3, number of failing samples : 0",Ensaio - Ultimate Thread Group 1-4,,true,,19888,1000,5,5,null,1089,4,155
1701701288758,473,https://www.blazedemo.com/reserve.php,200,OK,Ensaio - Ultimate Thread Group 1-3,text,true,,7389,255,5,5,https://www.blazedemo.com/reserve.php,453,0,171
1701701288741,507,https://www.blazedemo.com/reserve.php,200,OK,Ensaio - Ultimate Thread Group 1-1,text,true,,7389,255,5,5,https://www.blazedemo.com/reserve.php,487,0,190
1701701288747,504,https://www.blazedemo.com/reserve.php,200,OK,Ensaio - Ultimate Thread Group 1-5,text,true,,7389,255,5,5,https://www.blazedemo.com/reserve.php,484,0,174
1701701288940,316,https://www.blazedemo.com/confirmation.php,200,OK,Ensaio - Ultimate Thread Group 1-2,text,true,,5780,428,5,5,https://www.blazedemo.com/confirmation.php,304,0,0
1701701288038,1216,Test,200,"Number of samples in transaction : 3, number of failing samples : 0",Ensaio - Ultimate Thread Group 1-2,,true,,19888,982,5,5,null,1172,3,187
1701701289249,301,https://www.blazedemo.com/purchase.php,200,OK,Ensaio - Ultimate Thread Group 1-1,text,true,,6719,299,5,5,https://www.blazedemo.com/purchase.php,289,0,0
1701701289233,322,https://www.blazedemo.com/purchase.php,200,OK,Ensaio - Ultimate Thread Group 1-3,text,true,,6719,299,5,5,https://www.blazedemo.com/purchase.php,310,0,0
1701701289253,310,https://www.blazedemo.com/purchase.php,200,OK,Ensaio - Ultimate Thread Group 1-5,text,true,,6719,299,5,5,https://www.blazedemo.com/purchase.php,298,0,0
1701701289144,474,https://www.blazedemo.com/reserve.php,200,OK,Ensaio - Ultimate Thread Group 1-4,text,true,,7389,255,5,5,https://www.blazedemo.com/reserve.php,456,0,183
1701701289262,518,https://www.blazedemo.com/reserve.php,200,OK,Ensaio - Ultimate Thread Group 1-2,text,true,,7389,255,5,5,https://www.blazedemo.com/reserve.php,517,0,189
1701701289552,279,https://www.blazedemo.com/confirmation.php,200,OK,Ensaio - Ultimate Thread Group 1-1,text,true,,5780,440,5,5,https://www.blazedemo.com/confirmation.php,267,0,0
1701701288739,1087,Test,200,"Number of samples in transaction : 3, number of failing samples : 0",Ensaio - Ultimate Thread Group 1-1,,true,,19888,994,5,5,null,1043,6,190
1701701289564,272,https://www.blazedemo.com/confirmation.php,200,OK,Ensaio - Ultimate Thread Group 1-5,text,true,,5780,446,5,5,https://www.blazedemo.com/confirmation.php,261,0,0
1701701288746,1086,Test,200,"Number of samples in transaction : 3, number of failing samples : 0",Ensaio - Ultimate Thread Group 1-5,,true,,19888,1000,5,5,null,1043,5,174
1701701289557,297,https://www.blazedemo.com/confirmation.php,200,OK,Ensaio - Ultimate Thread Group 1-3,text,true,,5784,428,5,5,https://www.blazedemo.com/confirmation.php,286,0,0
1701701288756,1092,Test,200,"Number of samples in transaction : 3, number of failing samples : 0",Ensaio - Ultimate Thread Group 1-3,,true,,19892,982,5,5,null,1049,8,171
1701701289619,267,https://www.blazedemo.com/purchase.php,200,OK,Ensaio - Ultimate Thread Group 1-4,text,true,,6719,299,5,5,https://www.blazedemo.com/purchase.php,256,0,0
1701701289780,266,https://www.blazedemo.com/purchase.php,200,OK,Ensaio - Ultimate Thread Group 1-2,text,true,,6719,299,5,5,https://www.blazedemo.com/purchase.php,254,0,0
1701701289888,281,https://www.blazedemo.com/confirmation.php,200,OK,Ensaio - Ultimate Thread Group 1-4,text,true,,5780,440,5,5,https://www.blazedemo.com/confirmation.php,269,0,0
1701701289143,1022,Test,200,"Number of samples in transaction : 3, number of failing samples : 0",Ensaio - Ultimate Thread Group 1-4,,true,,19888,994,5,5,null,981,4,183
1701701289840,451,https://www.blazedemo.com/reserve.php,200,OK,Ensaio - Ultimate Thread Group 1-5,text,true,,7389,255,5,5,https://www.blazedemo.com/reserve.php,432,0,166
1701701289837,535,https://www.blazedemo.com/reserve.php,200,OK,Ensaio - Ultimate Thread Group 1-1,text,true,,7389,255,4,4,https://www.blazedemo.com/reserve.php,519,0,169
1701701290047,356,https://www.blazedemo.com/confirmation.php,200,OK,Ensaio - Ultimate Thread Group 1-2,text,true,,5780,446,4,4,https://www.blazedemo.com/confirmation.php,345,0,0
1701701289260,1140,Test,200,"Number of samples in transaction : 3, number of failing samples : 0",Ensaio - Ultimate Thread Group 1-2,,true,,19888,1000,4,4,null,1116,4,189
1701701289860,626,https://www.blazedemo.com/reserve.php,200,OK,Ensaio - Ultimate Thread Group 1-3,text,true,,7389,255,4,4,https://www.blazedemo.com/reserve.php,607,0,176
1701701290174,463,https://www.blazedemo.com/reserve.php,200,OK,Ensaio - Ultimate Thread Group 1-4,text,true,,7389,255,4,4,https://www.blazedemo.com/reserve.php,444,0,179
1701701290373,287,https://www.blazedemo.com/purchase.php,200,OK,Ensaio - Ultimate Thread Group 1-1,text,true,,6719,299,4,4,https://www.blazedemo.com/purchase.php,275,0,0
1701701290487,260,https://www.blazedemo.com/purchase.php,200,OK,Ensaio - Ultimate Thread Group 1-3,text,true,,6719,299,4,4,https://www.blazedemo.com/purchase.php,247,0,0
1701701290407,438,https://www.blazedemo.com/reserve.php,200,OK,Ensaio - Ultimate Thread Group 1-2,text,true,,7389,255,4,4,https://www.blazedemo.com/reserve.php,420,0,169
1701701290638,261,https://www.blazedemo.com/purchase.php,200,OK,Ensaio - Ultimate Thread Group 1-4,text,true,,6719,299,4,4,https://www.blazedemo.com/purchase.php,250,0,0
1701701290747,282,https://www.blazedemo.com/confirmation.php,200,OK,Ensaio - Ultimate Thread Group 1-3,text,true,,5780,446,4,4,https://www.blazedemo.com/confirmation.php,270,0,0
1701701289858,1168,Test,200,"Number of samples in transaction : 3, number of failing samples : 0",Ensaio - Ultimate Thread Group 1-3,,true,,19888,1000,4,4,null,1124,3,176
1701701290660,457,https://www.blazedemo.com/confirmation.php,200,OK,Ensaio - Ultimate Thread Group 1-1,text,true,,5780,428,4,4,https://www.blazedemo.com/confirmation.php,446,0,0
1701701289834,1279,Test,200,"Number of samples in transaction : 3, number of failing samples : 0",Ensaio - Ultimate Thread Group 1-1,,true,,19888,982,4,4,null,1240,5,169
1701701290846,275,https://www.blazedemo.com/purchase.php,200,OK,Ensaio - Ultimate Thread Group 1-2,text,true,,6719,299,4,4,https://www.blazedemo.com/purchase.php,263,0,0
1701701290900,330,https://www.blazedemo.com/confirmation.php,200,OK,Ensaio - Ultimate Thread Group 1-4,text,true,,5780,428,4,4,https://www.blazedemo.com/confirmation.php,319,0,0
1701701290172,1054,Test,200,"Number of samples in transaction : 3, number of failing samples : 0",Ensaio - Ultimate Thread Group 1-4,,true,,19888,982,4,4,null,1013,5,179
1701701291122,314,https://www.blazedemo.com/confirmation.php,200,OK,Ensaio - Ultimate Thread Group 1-2,text,true,,5780,440,4,4,https://www.blazedemo.com/confirmation.php,303,0,0
1701701290405,1027,Test,200,"Number of samples in transaction : 3, number of failing samples : 0",Ensaio - Ultimate Thread Group 1-2,,true,,19888,994,4,4,null,986,4,169
1701701291034,479,https://www.blazedemo.com/reserve.php,200,OK,Ensaio - Ultimate Thread Group 1-3,text,true,,7389,255,4,4,https://www.blazedemo.com/reserve.php,460,0,177
1701701291120,593,https://www.blazedemo.com/reserve.php,200,OK,Ensaio - Ultimate Thread Group 1-1,text,true,,7389,255,4,4,https://www.blazedemo.com/reserve.php,574,0,171
1701701291513,274,https://www.blazedemo.com/purchase.php,200,OK,Ensaio - Ultimate Thread Group 1-3,text,true,,6719,299,4,4,https://www.blazedemo.com/purchase.php,263,0,0
1701701291234,696,https://www.blazedemo.com/reserve.php,200,OK,Ensaio - Ultimate Thread Group 1-4,text,true,,7389,255,4,4,https://www.blazedemo.com/reserve.php,676,0,175
1701701291440,518,https://www.blazedemo.com/reserve.php,200,OK,Ensaio - Ultimate Thread Group 1-2,text,true,,7389,255,4,4,https://www.blazedemo.com/reserve.php,498,0,229
1701701291714,281,https://www.blazedemo.com/purchase.php,200,OK,Ensaio - Ultimate Thread Group 1-1,text,true,,6719,299,4,4,https://www.blazedemo.com/purchase.php,278,0,0
1701701291789,296,https://www.blazedemo.com/confirmation.php,200,OK,Ensaio - Ultimate Thread Group 1-3,text,true,,5780,446,4,4,https://www.blazedemo.com/confirmation.php,284,0,0
1701701291032,1049,Test,200,"Number of samples in transaction : 3, number of failing samples : 0",Ensaio - Ultimate Thread Group 1-3,,true,,19888,1000,4,4,null,1007,5,177
1701701291932,280,https://www.blazedemo.com/purchase.php,200,OK,Ensaio - Ultimate Thread Group 1-4,text,true,,6719,299,4,4,https://www.blazedemo.com/purchase.php,279,0,0
1701701291996,392,https://www.blazedemo.com/confirmation.php,200,OK,Ensaio - Ultimate Thread Group 1-1,text,true,,5780,428,3,3,https://www.blazedemo.com/confirmation.php,380,0,0
1701701291119,1266,Test,200,"Number of samples in transaction : 3, number of failing samples : 0",Ensaio - Ultimate Thread Group 1-1,,true,,19888,982,3,3,null,1232,3,171
1701701291960,434,https://www.blazedemo.com/purchase.php,200,OK,Ensaio - Ultimate Thread Group 1-2,text,true,,6719,299,3,3,https://www.blazedemo.com/purchase.php,420,0,0
1701701292091,465,https://www.blazedemo.com/reserve.php,200,OK,Ensaio - Ultimate Thread Group 1-3,text,true,,7389,255,3,3,https://www.blazedemo.com/reserve.php,446,0,158
1701701292395,304,https://www.blazedemo.com/confirmation.php,200,OK,Ensaio - Ultimate Thread Group 1-2,text,true,,5780,446,3,3,https://www.blazedemo.com/confirmation.php,292,0,0
1701701291438,1256,Test,200,"Number of samples in transaction : 3, number of failing samples : 0",Ensaio - Ultimate Thread Group 1-2,,true,,19888,1000,3,3,null,1210,5,229
1701701292557,329,https://www.blazedemo.com/purchase.php,200,OK,Ensaio - Ultimate Thread Group 1-3,text,true,,6719,299,3,3,https://www.blazedemo.com/purchase.php,321,0,0
1701701292392,494,https://www.blazedemo.com/reserve.php,200,OK,Ensaio - Ultimate Thread Group 1-1,text,true,,7389,255,3,3,https://www.blazedemo.com/reserve.php,485,0,197
1701701292887,256,https://www.blazedemo.com/confirmation.php,200,OK,Ensaio - Ultimate Thread Group 1-3,text,true,,5780,428,3,3,https://www.blazedemo.com/confirmation.php,244,0,0
1701701292089,1050,Test,200,"Number of samples in transaction : 3, number of failing samples : 0",Ensaio - Ultimate Thread Group 1-3,,true,,19888,982,3,3,null,1011,4,158
1701701292887,285,https://www.blazedemo.com/purchase.php,200,OK,Ensaio - Ultimate Thread Group 1-1,text,true,,6719,299,3,3,https://www.blazedemo.com/purchase.php,274,0,0
1701701292700,522,https://www.blazedemo.com/reserve.php,200,OK,Ensaio - Ultimate Thread Group 1-2,text,true,,7389,255,3,3,https://www.blazedemo.com/reserve.php,503,0,184
1701701293174,275,https://www.blazedemo.com/confirmation.php,200,OK,Ensaio - Ultimate Thread Group 1-1,text,true,,5780,440,3,3,https://www.blazedemo.com/confirmation.php,264,0,0
1701701292390,1054,Test,200,"Number of samples in transaction : 3, number of failing samples : 0",Ensaio - Ultimate Thread Group 1-1,,true,,19888,994,3,3,null,1023,6,197
1701701293223,257,https://www.blazedemo.com/purchase.php,200,OK,Ensaio - Ultimate Thread Group 1-2,text,true,,6719,299,3,3,https://www.blazedemo.com/purchase.php,245,0,0
1701701293145,462,https://www.blazedemo.com/reserve.php,200,OK,Ensaio - Ultimate Thread Group 1-3,text,true,,7389,255,3,3,https://www.blazedemo.com/reserve.php,442,0,171
1701701293482,355,https://www.blazedemo.com/confirmation.php,200,OK,Ensaio - Ultimate Thread Group 1-2,text,true,,5780,446,3,3,https://www.blazedemo.com/confirmation.php,344,0,0
1701701292700,1134,Test,200,"Number of samples in transaction : 3, number of failing samples : 0",Ensaio - Ultimate Thread Group 1-2,,true,,19888,1000,3,3,null,1092,3,184
1701701293455,433,https://www.blazedemo.com/reserve.php,200,OK,Ensaio - Ultimate Thread Group 1-1,text,true,,7389,255,3,3,https://www.blazedemo.com/reserve.php,417,0,175
1701701293609,362,https://www.blazedemo.com/purchase.php,200,OK,Ensaio - Ultimate Thread Group 1-3,text,true,,6719,299,3,3,https://www.blazedemo.com/purchase.php,350,0,0
1701701293889,295,https://www.blazedemo.com/purchase.php,200,OK,Ensaio - Ultimate Thread Group 1-1,text,true,,6719,299,3,3,https://www.blazedemo.com/purchase.php,294,0,0
1701701293972,267,https://www.blazedemo.com/confirmation.php,200,OK,Ensaio - Ultimate Thread Group 1-3,text,true,,5780,428,3,3,https://www.blazedemo.com/confirmation.php,256,0,0
1701701293144,1091,Test,200,"Number of samples in transaction : 3, number of failing samples : 0",Ensaio - Ultimate Thread Group 1-3,,true,,19888,982,3,3,null,1048,5,171
1701701293843,450,https://www.blazedemo.com/reserve.php,200,OK,Ensaio - Ultimate Thread Group 1-2,text,true,,7389,255,2,2,https://www.blazedemo.com/reserve.php,431,0,181
1701701294184,413,https://www.blazedemo.com/confirmation.php,200,OK,Ensaio - Ultimate Thread Group 1-1,text,true,,5780,440,2,2,https://www.blazedemo.com/confirmation.php,409,0,0
1701701293453,1141,Test,200,"Number of samples in transaction : 3, number of failing samples : 0",Ensaio - Ultimate Thread Group 1-1,,true,,19888,994,2,2,null,1120,4,175
1701701294294,605,https://www.blazedemo.com/purchase.php,200,OK,Ensaio - Ultimate Thread Group 1-2,text,true,,6719,299,2,2,https://www.blazedemo.com/purchase.php,593,0,0
1701701294600,506,https://www.blazedemo.com/reserve.php,200,OK,Ensaio - Ultimate Thread Group 1-1,text,true,,7389,255,2,2,https://www.blazedemo.com/reserve.php,505,0,178
1701701294901,268,https://www.blazedemo.com/confirmation.php,200,OK,Ensaio - Ultimate Thread Group 1-2,text,true,,5780,446,2,2,https://www.blazedemo.com/confirmation.php,258,0,0
1701701293841,1323,Test,200,"Number of samples in transaction : 3, number of failing samples : 0",Ensaio - Ultimate Thread Group 1-2,,true,,19888,1000,2,2,null,1282,6,181
1701701295107,357,https://www.blazedemo.com/purchase.php,200,OK,Ensaio - Ultimate Thread Group 1-1,text,true,,6719,299,2,2,https://www.blazedemo.com/purchase.php,346,0,0
1701701295174,485,https://www.blazedemo.com/reserve.php,200,OK,Ensaio - Ultimate Thread Group 1-2,text,true,,7389,255,2,2,https://www.blazedemo.com/reserve.php,466,0,199
1701701295464,297,https://www.blazedemo.com/confirmation.php,200,OK,Ensaio - Ultimate Thread Group 1-1,text,true,,5780,440,2,2,https://www.blazedemo.com/confirmation.php,285,0,0
1701701294599,1160,Test,200,"Number of samples in transaction : 3, number of failing samples : 0",Ensaio - Ultimate Thread Group 1-1,,true,,19888,994,2,2,null,1136,3,178
1701701295661,274,https://www.blazedemo.com/purchase.php,200,OK,Ensaio - Ultimate Thread Group 1-2,text,true,,6719,299,2,2,https://www.blazedemo.com/purchase.php,262,0,0
1701701295768,443,https://www.blazedemo.com/reserve.php,200,OK,Ensaio - Ultimate Thread Group 1-1,text,true,,7389,255,2,2,https://www.blazedemo.com/reserve.php,424,0,172
1701701295937,415,https://www.blazedemo.com/confirmation.php,200,OK,Ensaio - Ultimate Thread Group 1-2,text,true,,5780,446,2,2,https://www.blazedemo.com/confirmation.php,403,0,0
1701701295171,1174,Test,200,"Number of samples in transaction : 3, number of failing samples : 0",Ensaio - Ultimate Thread Group 1-2,,true,,19888,1000,2,2,null,1131,7,199
1701701296213,321,https://www.blazedemo.com/purchase.php,200,OK,Ensaio - Ultimate Thread Group 1-1,text,true,,6719,299,1,1,https://www.blazedemo.com/purchase.php,308,0,0
1701701296534,440,https://www.blazedemo.com/confirmation.php,200,OK,Ensaio - Ultimate Thread Group 1-1,text,true,,5780,428,1,1,https://www.blazedemo.com/confirmation.php,428,0,0
1701701295766,1204,Test,200,"Number of samples in transaction : 3, number of failing samples : 0",Ensaio - Ultimate Thread Group 1-1,,true,,19888,982,1,1,null,1160,4,172
1701701296975,592,https://www.blazedemo.com/reserve.php,200,OK,Ensaio - Ultimate Thread Group 1-1,text,true,,7389,255,1,1,https://www.blazedemo.com/reserve.php,591,0,210
1701701297568,508,https://www.blazedemo.com/purchase.php,200,OK,Ensaio - Ultimate Thread Group 1-1,text,true,,6719,299,1,1,https://www.blazedemo.com/purchase.php,507,0,0
1701701298078,307,https://www.blazedemo.com/confirmation.php,200,OK,Ensaio - Ultimate Thread Group 1-1,text,true,,5780,446,1,1,https://www.blazedemo.com/confirmation.php,307,0,0
1701701296975,1407,Test,200,"Number of samples in transaction : 3, number of failing samples : 0",Ensaio - Ultimate Thread Group 1-1,,true,,19888,1000,1,1,null,1405,5,210
